mf_PM,mf_TM,Q_g,w_crystal,c_in,T_PM_in,T_TM_in,T_PM,T_TM,c,d10,d50,d90
-1.5713356636043845,-0.6923137067857065,-1.2963362430912375,-0.1184956330427773,-0.9890707100936834,-0.9890707100923614,-0.9890707100923614,-0.4325135402393701,-0.3972174899069868,-0.7694994967798705,2.213685637028922,33.11791750893108,10.776598926294009
-0.547346322163933,0.3665662383027817,-0.337993249366739,-0.0708836648470217,-0.9890707100936834,-0.9890707100923614,-0.9890707100923614,0.5274264015515072,0.5480090192466964,-0.3382558005438401,35.262925755886506,-0.1991626584053526,1.33256554349804
1.228734029548644,1.0923332626209523,1.6061578518192856,-0.9311087366571243,-0.9890707100936834,-0.9890707100923614,-0.9890707100923614,0.8985914632340143,0.8660423445565552,-0.1996479695070138,-0.1618217097335408,15.637196352751252,-0.2316381579552705
-0.0130211849375351,-0.469885343506689,-0.8360463301649341,-1.6731931010061645,1.0110500592068707,1.0110500592081924,1.0110500592081924,0.0015411339445074,0.0221847806329407,1.4462592512219727,25.851571490822096,-0.2359330846135854,1.1412666736048092
0.365862782290684,-1.2682241010213973,-0.4003208091530617,0.6592566808154503,1.0110500592068707,1.0110500592081924,1.0110500592081924,-1.302392722397138,-1.3097671350991396,-0.4449323008057593,-0.1567446192968551,2.199834297801775,2.550737323306394
0.130480142653533,0.6982461161796503,-0.6712316723262544,-1.283362324958622,1.0110500592068707,1.0110500592081924,1.0110500592081924,0.7121522732476394,0.7169365676320048,1.6319745786040714,19.635379905578866,17.044192027029826,21.74090089066906
0.130480142653533,0.6982461161796503,-1.4994025034855585,-1.283362324958622,1.0110500592068707,1.0110500592081924,1.0110500592081924,0.6971442821900722,0.7178188342779397,1.334225517926857,-0.1907429055690617,1.7719591136428077,11.653790259725495
0.0501250411583789,1.5111440739799271,-0.7077048072107613,0.4757965848317385,1.0110500592068707,1.0110500592081924,1.0110500592081924,0.9548971443090604,0.9706717874516584,0.9932396579912346,0.5561907891428177,14.952381727463328,2.476934682111441
0.0174182985864194,1.5111440739799271,-0.7077048072107613,-1.482771433145608,1.0110500592068707,1.0110500592081924,1.0110500592081924,0.9616125951940347,0.9698997946331068,1.580473606664054,-0.1946527665483584,13.080100364153983,35.34831547715005
-1.5482962928719772,0.540251701215819,0.7717692800084162,-1.2764781171166888,1.0110500592068707,1.0110500592081924,1.0110500592081924,0.5901013794530817,0.6100395922234765,1.355796154712238,27.17208460384953,0.5136738152513535,-0.2842038258508213
0.5997195333299254,1.6334789800040124,-0.456614901944251,-1.7064526072436943,1.0110500592068707,1.0110500592081924,1.0110500592081924,1.0003097717525145,1.006776815785505,1.7140757137787932,-0.1946527665483584,-0.238826832979733,16.42177059240814
-0.4116110157516312,0.3730488144010698,0.933120808405692,-0.7073353804044455,1.0110500592068707,1.0110500592081924,1.0110500592081924,0.5883981578707939,0.5571956572753543,1.3483312819254665,19.447330464327404,1.47345922347728,31.811246390143825
-1.2647903832831078,0.5363736217081452,1.1739049512847413,-0.1616048401022922,1.0110500592068707,1.0110500592081924,1.0110500592081924,0.6354416953602654,0.6143626321024801,1.091119675499188,26.25876471167246,2.134604610490955,1.8193158916751784
0.6190970188341126,0.5363736217081452,1.1739049512847413,1.5358263489738335,1.0110500592068707,1.0110500592081924,1.0110500592081924,0.7047764467373907,0.6578916456458506,1.3502486615165543,36.16886720436501,1.944609701104084,-0.2842038258508213
0.6190970188341126,-1.1430089667501346,1.2644478275557176,1.5358263489738335,1.0110500592068707,1.0110500592081924,1.0110500592081924,-0.8869277056353722,-0.9904058098270038,0.1192104939132962,9.420615284529152,1.7617969277350598,2.309372960850609
-0.9250376441123088,1.2078536405424882,0.8380542934076984,-1.7532022297303311,-0.9890707100936834,-0.9890707100923614,-0.9890707100923614,0.852718565052905,0.8680203481126035,-0.1890464723684549,13.658161184825724,16.04546148962752,-0.2613309982553783
-0.9250376441123088,1.2078536405424882,0.8380542934076984,-1.7532022297303311,-0.9890707100936834,-0.9890707100923614,-0.9890707100923614,0.852718565052905,0.8680203481126035,-0.1880172884354511,28.76282665407264,17.243645576516712,1.5131507163629585
-0.9250376441123088,1.2078536405424882,0.8380542934076984,-1.7532022297303311,-0.9890707100936834,-0.9890707100923614,-0.9890707100923614,0.852718565052905,0.8680203481126035,-0.1895821609027251,0.474609019337447,-0.2112261552443334,11.794485291044897
-1.6433538397911711,0.9304891554583982,1.0101615951429768,-0.1468241508035467,-0.9890707100936834,-0.9890707100923614,-0.9890707100923614,0.7424661409221622,0.7634895951848953,-0.2891292812664066,19.266373836733383,16.50671613733274,1.8780376485178132
-0.8224950832238999,0.9978570182334948,-0.0031332036858005,0.5232765043595651,-0.9890707100936834,-0.9890707100923614,-0.9890707100923614,0.7819445475025121,0.8030486428406257,-0.3081081350671781,29.96751235966052,-0.238826832979733,-0.2842038258508213
-1.6148130985114193,0.0157287739209356,0.0700857831401203,-0.0091353226922995,-0.9890707100936834,-0.9890707100923614,-0.9890707100923614,0.3380993743240865,0.3306995300975082,-0.4417047190077078,8.87487266399978,1.5617460122009168,1.5913917137624354
0.9234519209523964,0.8087065112520718,-0.226255658868364,1.2644031067058372,-0.9890707100936834,-0.9890707100923614,-0.9890707100923614,0.7925088427646297,0.7680793148057419,-0.2933053896257558,32.64633436295772,-0.238826832979733,0.8067311170888878
0.9814293716427922,-0.6369935612921038,0.8687402701095671,0.4548984312358424,1.0110500592068707,1.0110500592081924,1.0110500592081924,-0.0733297271480192,-0.1571071688703028,0.9170952677094611,10.807068717901812,2.115315290363165,2.1269540698307607
1.3842353554125877,-0.3231287367874842,-1.3270917643457871,-0.584079641516507,1.0110500592068707,1.0110500592081924,1.0110500592081924,0.1622273603224817,0.1785084714528735,1.0386706506064831,29.247296877541675,1.1257147778096512,22.61827856724733
0.4939769471287419,1.7064739566344374,1.6760560005391791,1.433714829370786,1.0110500592068707,1.0110500592081924,1.0110500592081924,1.0497433361449406,1.0203823008628807,1.2024162795757227,34.74741240628426,-0.238826832979733,20.26833119574815
0.4939769471287419,1.7064739566344374,1.6760560005391791,1.433714829370786,1.0110500592068707,1.0110500592081924,1.0110500592081924,1.0497433361449406,1.0203823008628807,1.2061190284170038,-0.1792918075359936,15.194741587393594,1.1411732014466582
0.7661679463514242,-0.2576491069192235,1.591975132215827,0.9063370468909498,1.0110500592068707,1.0110500592081924,1.0110500592081924,0.2170321725045158,0.2006140598990758,0.9727553738609988,0.5938963323836213,30.23244348736029,13.945215342222776
0.2491483466333204,-0.9479752208884128,1.16553954507752,0.0031158578785424,1.0110500592068707,1.0110500592081924,1.0110500592081924,-0.624907391590595,-0.6365311923031312,0.6909483780269828,26.93472201541074,2.166522293797807,7.50898225697696
-0.1010798637723795,-1.4031620670897602,-0.8477599056528592,0.5512812730066154,1.0110500592068707,1.0110500592081924,1.0110500592081924,-1.8092438791778709,-1.791076207786929,-1.5979222131783528,28.38404252741621,-0.1910023821215037,-0.2326390109166409
-1.046780097546527,1.2618178747105324,1.5766189591985167,0.0009003651565242,1.0110500592068707,1.0110500592081924,1.0110500592081924,0.8806019933484481,0.8867535640754133,1.2073551474183628,28.58918839034639,-0.1929735180303937,-0.2842038258508213
0.0619756348370769,1.0085266233066783,0.7380898403803824,1.2171714808853633,1.0110500592068707,1.0110500592081924,1.0110500592081924,0.8239673950831933,0.8270717949703985,1.1762415590940358,0.317073278806723,16.219927512234058,-0.2764479073501496
-0.242080546595349,-1.394411980991347,1.3324673887189662,1.1077717579494384,1.0110500592068707,1.0110500592081924,1.0110500592081924,-1.795159462094488,-1.817435816040459,-0.7065831950555438,15.261911957997366,8.919933369668833,-0.2047440289582376
1.0565184597795685,0.7087777939005978,-0.3076044290955265,0.4796904104505526,1.0110500592068707,1.0110500592081924,1.0110500592081924,0.7653921316845175,0.738504453026265,1.1215227865711614,-0.1946527665483584,20.93416048162557,18.484346758485955
1.4720980288682466,-1.3867671147659124,1.002117933184854,0.1611173279766593,-0.9890707100936834,-0.9890707100923614,-0.9890707100923614,-1.4391697992813566,-1.4706265219168926,-0.9131770094074726,30.760305622494798,21.853549091188462,-0.2842038258508213
1.0517372673966283,-0.8736357479522334,-0.1512951910634928,-0.0224960219449815,-0.9890707100936834,-0.9890707100923614,-0.9890707100923614,-0.3922929394120878,-0.4599926240483258,-0.5308987330019178,15.872530330453667,1.87143788856794,-0.2264895762607891
0.0793656558802767,-1.0183263888780916,0.9028324738043684,-1.524691507781374,-0.9890707100936834,-0.9890707100923614,-0.9890707100923614,-0.7733377078590298,-0.786549181074074,-0.347100096103715,14.777428689056284,19.49930268809236,-0.2777119114341957
-0.6884383420463974,0.0192680893286276,-0.2908905392753582,1.0066133760443554,-0.9890707100936834,-0.9890707100923614,-0.9890707100923614,0.3208370051689183,0.3416460556226974,-0.4921870708094392,0.2460413728345538,27.004151874213598,7.651919634638002
-1.0175177531415438,1.4716571708085455,-0.2908905392753582,1.0066133760443554,-0.9890707100936834,-0.9890707100923614,-0.9890707100923614,0.9194065420125486,0.9406602550541708,-0.3030879402308091,-0.1946527665483584,10.324812332949042,22.255285535282365
0.3135810593931073,0.5834005486968294,-0.4392437078426243,-1.463958276719621,1.0110500592068707,1.0110500592081924,1.0110500592081924,0.6997111278308621,0.6722976063738038,1.564378359978852,7.472338217788019,18.7588183502212,21.317513143016683
0.3135810593931073,0.5834005486968294,-1.4638130881466909,-1.463958276719621,1.0110500592068707,1.0110500592081924,1.0110500592081924,0.6546171311455335,0.675135493163046,1.4381064665769108,33.96069920548684,1.7139680244953284,11.119586128293378
0.9103263694138618,-1.3818210697888185,0.067223090278942,-0.4637384644880705,1.0110500592068707,1.0110500592081924,1.0110500592081924,-1.4690438214319057,-1.5659135548805097,-0.0808464853607324,1.040189359369505,-0.238826832979733,14.242257720186984
-0.8036699757103274,-1.3818210697888185,0.6747709080090154,-0.4637384644880705,1.0110500592068707,1.0110500592081924,1.0110500592081924,-1.8311896921731925,-1.8103864720360847,-0.3743111903792707,-0.1946527665483584,12.122285272369703,-0.2203081984369292
1.112211731580497,0.4528338882050383,0.969935299684648,0.1660954364474535,1.0110500592068707,1.0110500592081924,1.0110500592081924,0.63732680810973,0.6362877215763911,1.250782522742201,0.183469414396493,10.21439893974969,16.321433723767726
-0.993631481303861,0.4664919062419436,-1.354298547804308,-0.3787166262053027,1.0110500592068707,1.0110500592081924,1.0110500592081924,0.4540220826844514,0.48726322135703,0.5573100073370718,1.0979554744792013,14.426331906396513,-0.2842038258508213
-0.993631481303861,0.4664919062419436,-1.354298547804308,-0.3787166262053027,1.0110500592068707,1.0110500592081924,1.0110500592081924,0.5617304364077128,0.5899944028394734,0.6186147380947945,27.66254733784297,33.10232555678757,-0.2842038258508213
-0.993631481303861,0.4664919062419436,1.3418509605763518,-0.3787166262053027,1.0110500592068707,1.0110500592081924,1.0110500592081924,0.576256598809301,0.5895721825327447,1.1753882893633711,-0.1946527665483584,0.1706920045306512,21.300382132129076
-0.1562484342476077,0.6730799304565125,-1.0460398204842356,1.4194990002509182,1.0110500592068707,1.0110500592081924,1.0110500592081924,0.7182907227800043,0.6993918220332302,0.5592841832276028,0.9297103793340168,24.84569259363189,-0.220452357143242
0.3744433854710404,-1.2375515947417537,0.4399131464914544,-1.2585356427292145,1.0110500592068707,1.0110500592081924,1.0110500592081924,-1.1962648376296408,-1.205245737550807,0.9627035964937876,27.56281281890793,-0.2276857965880931,1.065313077077447
0.6297335411274385,0.0917793464096055,0.1717325780387066,-0.4936813922928394,1.0110500592068707,1.0110500592081924,1.0110500592081924,0.4391377225365827,0.436286441505891,1.2478680947902088,17.995052552635542,0.3713663429387326,25.49119878963051
1.272209912021939,-0.5124623910907786,1.0596031071821563,-0.3017814952340965,1.0110500592068707,1.0110500592081924,1.0110500592081924,0.0200659929608298,-0.0001356829399432,1.2088644863121738,10.750137940336224,-0.238826832979733,0.8937922216632427
1.272209912021939,-0.5124623910907786,1.0596031071821563,0.6636653725331543,1.0110500592068707,1.0110500592081924,1.0110500592081924,0.0200659929608298,-0.0001356829399432,0.9527230877850312,33.1931747183484,-0.1961576408967609,-0.2702893243223069
-1.0090821315356189,-0.5124623910907786,0.1320436792441144,0.6636653725331543,1.0110500592068707,1.0110500592081924,1.0110500592081924,-0.150181504090141,-0.1286008013582098,0.2067353055227591,-0.1868583777320403,2.5258557822540317,8.123163285255389
-0.7012880434127902,-1.455871086583266,-0.2393552144431977,0.6094755795764362,1.0110500592068707,1.0110500592081924,1.0110500592081924,-1.3225277030223042,-1.279458171100526,-1.1773439842860167,25.2427219031668,1.3222255633877036,1.9893225652042184
1.065507151373145,-0.219323333215934,0.6401185286378761,-1.2304923743754557,1.0110500592068707,1.0110500592081924,1.0110500592081924,0.2501073531802832,0.2437152983632907,1.4991445197642812,7.920288798241708,-0.2286625961234668,20.041779310894743
-0.5532930946678101,-0.7796048342639906,0.0739628872895869,-0.6894820818007462,1.0110500592068707,1.0110500592081924,1.0110500592081924,-0.5690517712677591,-0.5490980309900546,0.6507556702142899,1.998842218156217,-0.238826832979733,28.262793882638015
0.6833747207534381,-0.7796048342639906,0.0739628872895869,0.5725417654244379,1.0110500592068707,1.0110500592081924,1.0110500592081924,-0.3507786696411503,-0.4157906044059792,0.5427604740871488,31.56497745607727,10.721820449822458,32.090672428487395
-1.046780097546527,-0.2377374412597561,-0.3706027600945241,0.4226979700256432,1.0110500592068707,1.0110500592081924,1.0110500592081924,0.1166889582572608,0.1371143539691214,0.3916125912058338,15.964386166788262,2.396819565447347,17.047103754592804
0.1344577397084217,0.4385008894680197,-1.2796858075894388,1.1351007371565298,1.0110500592068707,1.0110500592081924,1.0110500592081924,0.6256153347919874,0.6036556266322897,0.5767661987322495,0.7548963350445065,20.024348688134083,-0.2476942977249797
-1.165158513531103,1.0530922220363854,-0.7081086382389663,1.1582713646122806,1.0110500592068707,1.0110500592081924,1.0110500592081924,0.8111875752413615,0.8306648118702613,0.5423902689013039,-0.1946527665483584,1.379220587840328,14.110187957816336
-1.165158513531103,0.3578183298991796,1.3609475921340035,1.1582713646122806,1.0110500592068707,1.0110500592081924,1.0110500592081924,0.5145284639611384,0.5318401998506151,0.7387056126169547,-0.1890601537262134,0.6712437638936165,32.040405737086346
0.4068600959642732,-1.4037648922877557,0.4220340175017889,0.6890922756978026,1.0110500592068707,1.0110500592081924,1.0110500592081924,-1.687416354577885,-1.69589665299897,-0.4892953408594325,20.09856654270695,1.9810038261585727,-0.212679950577027
-0.8690927947462602,0.9212107130865782,1.3318085584660728,0.6382767838768559,1.0110500592068707,1.0110500592081924,1.0110500592081924,0.7753646379501127,0.7799210725077902,1.026897510676813,1.367601947675411,26.08589858268329,23.697361489519032
-0.0852353498211664,-1.3286374418637583,1.2978740114606426,1.384811881728533,1.0110500592068707,1.0110500592081924,1.0110500592081924,-1.4608471461978445,-1.5682461033248365,-0.4336792171037231,1.1458302778852054,-0.238826832979733,35.243050419313214
1.2444094273615098,0.9483105414480169,0.8391084411385904,0.2163743787112404,-0.9890707100936834,-0.9890707100923614,-0.9890707100923614,0.8468233053419679,0.8216092278731164,-0.2354045859061204,0.8308536405615319,11.527305554266237,31.938358454489137
1.2444094273615098,1.698826368037471,0.8391084411385904,0.2163743787112404,-0.9890707100936834,-0.9890707100923614,-0.9890707100923614,1.0396911418616397,1.0229857867934833,-0.2139382518550302,23.578885476013337,22.64737551266209,-0.2842038258508213
1.0269362697923377,1.698826368037471,-0.8673030648029085,1.0756559761464648,-0.9890707100936834,-0.9890707100923614,-0.9890707100923614,1.001878995741005,1.0223941899589828,-0.260500395830952,23.136809871972822,1.1266267033207074,8.526490662055751
-0.6346489636313573,-0.3688982078357508,1.3684079527604598,0.8326761180508647,-0.9890707100936834,-0.9890707100923614,-0.9890707100923614,0.0191316238741433,0.036139720370107,-0.5114800459520469,-0.1797539560069937,0.609728882210846,29.060785050382048
0.7645561281173999,-0.5309900104334989,-1.3914799594027418,1.0050751697241995,-0.9890707100936834,-0.9890707100923614,-0.9890707100923614,0.0026832793171028,-0.0019280524770033,-0.5938995792336722,13.886573136723088,7.535635760943539,0.7778923201076519
-1.5205959864948055,-0.5309900104334989,0.5661423050070592,-0.7830666010060193,-0.9890707100936834,-0.9890707100923614,-0.9890707100923614,-0.1916723497315988,-0.169674505032447,-0.4857770291369161,29.4379438953907,1.937402967598225,0.3242237631313598
-0.5374336791494486,-0.1415976180419838,1.5593184214422158,-1.2983081002673469,-0.9890707100936834,-0.9890707100923614,-0.9890707100923614,0.2708131455312018,0.2294726330313701,-0.2483948752578847,1.124256755102555,26.335478764914424,-0.2842038258508213
1.5821778695139712,0.267976938848086,1.6960746133072877,-0.2892517387504104,-0.9890707100936834,-0.9890707100923614,-0.9890707100923614,0.580491670388543,0.5539894023630952,-0.2388966556764988,-0.1946527665483584,11.117297357350887,25.63687230031004
-0.324313322223841,-1.5952358742133697,1.4444650883123145,-0.4954846446447032,-0.9890707100936834,-0.9890707100923614,-0.9890707100923614,-2.644795998113164,-2.6117441323060717,-1.833505431083748,23.772018879341985,-0.1773268786859329,2.254748344578656
-0.324313322223841,-1.5952358742133697,1.4444650883123145,-0.4954846446447032,-0.9890707100936834,-0.9890707100923614,-0.9890707100923614,-2.6447697941353545,-2.6117121541097066,-1.8618610099736144,0.6511903705326321,14.615674026169192,26.39288817314557
0.1951819595693501,-1.1702116561697968,-0.6193780225271021,0.5087583801214338,-0.9890707100936834,-0.9890707100923614,-0.9890707100923614,-1.1111146032018733,-1.0853003757487407,-1.177657009192463,0.6179017733624804,18.863447631106396,1.046453213120694
0.1951819595693501,0.3871667969715247,-0.6193780225271021,-1.208475388582408,-0.9890707100936834,-0.9890707100923614,-0.9890707100923614,0.5585837516889248,0.5787888374422994,-0.2410290372383047,1.4469354041483096,-0.238826832979733,26.26808245543908
-0.80323409677595,0.6282326671123141,0.629095078588608,1.1553800738262527,-0.9890707100936834,-0.9890707100923614,-0.9890707100923614,0.6580937558785541,0.6624421082578543,-0.3483628683362109,34.097359657751035,37.40446128040093,0.3818430901679648
1.3256408112139904,-0.252495339831176,-0.3955649857385689,-1.0003886844939651,-0.9890707100936834,-0.9890707100923614,-0.9890707100923614,0.277397125440099,0.2185840527609451,-0.2697683572761982,1.6674948897150443,34.157185344862675,0.2295186486650791
1.3256408112139904,-0.252495339831176,-0.3955649857385689,-1.0003886844939651,-0.9890707100936834,-0.9890707100923614,-0.9890707100923614,0.277397125440099,0.2185840527609451,-0.2680717995467899,35.54735538415183,33.87573158730827,21.12042805515808
-0.6906695181960966,1.3120388904949825,0.3143619423122027,-0.7345302531764073,1.0110500592068707,1.0110500592081924,1.0110500592081924,0.8994655066062083,0.9068380219585735,1.354874132822591,0.7768952934139546,14.05994968724092,-0.2842038258508213
0.1758523797093381,-1.256862341432658,-0.4231314809307239,-0.7345302531764073,1.0110500592068707,1.0110500592081924,1.0110500592081924,-1.295867877097559,-1.3038745259866038,0.2593631278824704,0.2539346000148946,-0.238826832979733,29.3664421953358
0.1126035479474987,-0.5907782015441163,0.4079444749887997,-0.4500399518786752,1.0110500592068707,1.0110500592081924,1.0110500592081924,-0.1394807136536172,-0.149218971138553,0.9991141955794162,9.164537695238424,0.8626877632286113,2.551880402901552
0.9318433260169784,1.4538562794475778,-0.58094683912193,0.6217896875831156,1.0110500592068707,1.0110500592081924,1.0110500592081924,0.9805140913904014,0.9669261266170028,1.128073197613479,-0.1946527665483584,32.515921200221506,32.55655903013703
-0.5459748682780207,1.7333173036497194,0.3235434048439118,0.111869358430171,-0.9890707100936834,-0.9890707100923614,-0.9890707100923614,1.0013494524902635,1.0102288124634764,-0.2350402233013263,1.3864399211264289,1.7136691884865096,22.64656339853805
0.2193466957203682,0.516085916632506,-1.1155346460710795,0.304696879541728,-0.9890707100936834,-0.9890707100923614,-0.9890707100923614,0.6182385703302066,0.6390965055618505,-0.3704232102782009,-0.1946527665483584,19.35460382062145,27.501593908148816
-1.0211527892267809,-1.0223108287588272,0.8825190416520081,-0.9057705173637532,-0.9890707100936834,-0.9890707100923614,-0.9890707100923614,-0.8652482180218847,-0.917084170006479,-0.8001750981271357,35.55888890201236,1.311727024807248,-0.2842038258508213
-0.476926236816946,-0.1260235593326849,-0.0109732102857693,-0.9057705173637532,-0.9890707100936834,-0.9890707100923614,-0.9890707100923614,0.2302459683442429,0.2472171034090264,-0.3177954498882527,18.178055372080927,-0.1914996176699398,32.61421222620054
-0.640630253268321,-1.0124093975274275,0.90306577753281,0.8083694249076465,1.0110500592068707,1.0110500592081924,1.0110500592081924,-0.855590267836398,-0.8438478848810583,-0.0423404034044202,0.3850821119162263,21.993586657080183,-0.1994761992928561
0.7289605552181458,0.1818700290079181,-0.7430326285870966,1.3986524219151193,1.0110500592068707,1.0110500592081924,1.0110500592081924,0.4906890848376647,0.4909620090912958,0.676794806092892,-0.1843750582554655,-0.238826832979733,16.936852769327686
-0.8630580206941909,0.2859483166825313,0.1437718381281545,0.559881460501339,-0.9890707100936834,-0.9890707100923614,-0.9890707100923614,0.4757959227164173,0.4964859428944036,-0.3882699554670946,19.112142914055887,1.9200261328378272,2.2318281880314297
0.6160421407123126,-0.6389625439623794,-0.5680438736050472,-0.5410633484128892,-0.9890707100936834,-0.9890707100923614,-0.9890707100923614,-0.1852537825014235,-0.1742282259923983,-0.447762894424739,-0.1705052304785274,16.566920706611448,13.1960576225211
0.6784020800593579,-1.2260256976928503,0.0729769022395143,-0.2885688032725509,-0.9890707100936834,-0.9890707100923614,-0.9890707100923614,-1.1476168965827125,-1.1603053953361817,-0.8246911581315113,27.230412964487066,-0.2050543612541631,2.88085158982558
-1.3862803701985345,0.3270890539011468,1.6970923759509542,1.0731016265590885,1.0110500592068707,1.0110500592081924,1.0110500592081924,0.489964085906013,0.5076126020315606,0.71817900557797,18.67479623676003,13.22175266592826,36.50723946993372
0.7117293070055952,0.6935221947587483,0.8811070292027475,1.5752157457072062,1.0110500592068707,1.0110500592081924,1.0110500592081924,0.7310223532319576,0.7253566223927354,1.0320062903711686,-0.1946527665483584,0.240767574966543,36.33467813960063
0.7117293070055952,0.6935221947587483,0.8811070292027475,1.5752157457072062,1.0110500592068707,1.0110500592081924,1.0110500592081924,0.7324834023421687,0.7270272199624926,1.0001776408348546,-0.1946527665483584,0.4834472336751389,36.537343169218325
0.2750290036294551,-1.497374170949814,-1.4960141314263409,-0.3647812830871886,1.0110500592068707,1.0110500592081924,1.0110500592081924,-2.093688746645347,-2.0527413927578118,-1.3178783852565994,-0.1946527665483584,3.019614943933954,14.501953422389226
0.9747046376313264,0.9999139725155936,0.0076012736777524,0.842696857492455,1.0110500592068707,1.0110500592081924,1.0110500592081924,0.8630618923948351,0.8386666995445109,1.1143947214089338,18.200993537148847,30.217461746576696,21.76049851345676
0.1214059735891077,0.3422443254162082,0.2896203468355999,0.4553716726424426,1.0110500592068707,1.0110500592081924,1.0110500592081924,0.208588300425739,0.2318841686842985,0.7956119240503929,0.9285504303615284,32.439251522836365,17.979680652292675
0.1214059735891077,0.3422443254162082,0.2896203468355999,0.4553716726424426,1.0110500592068707,1.0110500592081924,1.0110500592081924,0.5468002156730315,0.5587645813989687,0.9813392324771948,-0.1946527665483584,1.873914693401284,8.129846039205125
-0.56765460647055,1.1540832029054051,1.4772488235690404,0.8469710395292698,-0.9890707100936834,-0.9890707100923614,-0.9890707100923614,0.8435632773556411,0.8576771409226036,-0.271102210464163,-0.1742650565593465,-0.2016883754821875,28.608131221809003
-0.6548606048381004,-0.873380371828887,1.2995515618169171,1.2111088589194865,-0.9890707100936834,-0.9890707100923614,-0.9890707100923614,-0.5216723424591612,-0.5682388346536649,-0.7982641045515151,13.440575445049026,2.2945606757041204,-0.248566666858791
-0.6548606048381004,-0.6291221243253546,1.2995515618169171,1.2111088589194865,-0.9890707100936834,-0.9890707100923614,-0.9890707100923614,-0.2425632703953885,-0.2480675383443279,-0.6496110462698536,1.7927552502583122,-0.238826832979733,34.54126637945356
-1.1453779808251792,-1.1554177702976052,0.588868597474458,-0.6189158573519185,-0.9890707100936834,-0.9890707100923614,-0.9890707100923614,-1.2339430886385454,-1.2179402654434406,-0.98550264681809,0.3654653585218109,27.545719579011596,-0.2842038258508213
-1.1453779808251792,-1.1554177702976052,0.588868597474458,-0.6189158573519185,-0.9890707100936834,-0.9890707100923614,-0.9890707100923614,-1.2470849558024064,-1.232293016920902,-0.9781226465210248,-0.1631705018109963,0.5997637067350643,28.59816920193751
-1.0984933743309488,0.6273399724839883,-0.7161932391541216,-1.7651091287656808,-0.9890707100936834,-0.9890707100923614,-0.9890707100923614,0.6334713112172352,0.6556794801096741,-0.2097617581894301,0.6665493133198261,1.480758456459041,22.24135190837801
1.0323311409221283,-0.8304214357224591,-1.5383731184764111,-0.5179942447751057,-0.9890707100936834,-0.9890707100923614,-0.9890707100923614,-0.4090984232703967,-0.3883598358540051,-0.5928072955085911,0.8593389225679026,30.76629113271809,8.84284890392897
1.0323311409221283,-0.8304214357224591,-1.5383731184764111,-0.5179942447751057,-0.9890707100936834,-0.9890707100923614,-0.9890707100923614,-0.4090984232593238,-0.3883598358899843,-0.5987973448842596,10.112889240991352,-0.2210566305067061,1.414360538124373
0.3783709539711291,-0.4001944699386691,-1.702656471520268,-1.0387370718900728,-0.9890707100936834,-0.9890707100923614,-0.9890707100923614,0.03860491123063,0.05919093576279,-0.3843057534807379,27.561042844269124,0.6470428092239805,-0.2832429552533098
-0.3082159000532147,0.3690175225181284,-0.128986426696799,1.351418492261735,-0.9890707100936834,-0.9890707100923614,-0.9890707100923614,0.53543066564467,0.5560471520182219,-0.4073231600830067,32.08660763983883,-0.2375834597257662,34.12364431100357
0.684012081601489,1.5530116993697116,-0.2915139921393123,-0.9488973660293468,-0.9890707100936834,-0.9890707100923614,-0.9890707100923614,0.9687631506668012,0.9843343238481368,-0.2068568655405155,0.459835164148433,16.12704995633604,11.56842844232149
-0.4025121846089621,1.5530116993697116,-0.2915139921393123,-0.9488973660293468,-0.9890707100936834,-0.9890707100923614,-0.9890707100923614,0.97926820103639,0.9694392064808668,-0.2138957085134293,-0.1830571542123685,29.255094901008302,20.34097102554083
-0.8810841336384846,-0.183877762447043,-1.462475024004916,-0.047029962581191,-0.9890707100936834,-0.9890707100923614,-0.9890707100923614,0.6334924667572591,0.6570311679646919,-0.3635147053547115,1.5160903155255607,8.924964619306916,-0.2375874601646266
1.367275963361255,0.1624038159848738,1.5899420553392616,-0.9619594933747182,-0.9890707100936834,-0.9890707100923614,-0.9890707100923614,0.5048942020413852,0.4943627964970187,-0.2253473912536626,1.3838416858824911,13.604533754425486,-0.2424734800936361
-0.8909674165962068,-1.4906929436092102,-1.1019679874656865,0.5437699327771244,1.0110500592068707,1.0110500592081924,1.0110500592081924,-2.33422512106914,-2.288843657932861,-2.395126275255467,2.0285590533255604,2.447295384298921,1.7796096187848924
-0.8909674165962068,-1.4906929436092102,-1.1019679874656865,0.5272185004684256,1.0110500592068707,1.0110500592081924,1.0110500592081924,-2.3342251210627176,-2.288843657923209,-2.3964492724136868,15.278372777740204,-0.238826832979733,-0.2536691372525113
-1.7287974186509627,0.0320892963709571,1.4145172354459794,1.698940400531841,1.0110500592068707,1.0110500592081924,1.0110500592081924,0.2945126556328663,0.315424516507275,0.3126144770899967,27.836149277284225,18.649016182142503,-0.2406830627006528
-0.7723844934419447,1.521215871241996,1.6372899263837426,0.2554777484217662,1.0110500592068707,1.0110500592081924,1.0110500592081924,0.9771439374351,0.9608620479953348,1.2272044572078926,1.1329348925991505,29.551747197408044,-0.2842038258508213
-1.3867706578046035,0.4096118846658499,-0.9608888379491008,-1.2165940219308196,1.0110500592068707,1.0110500592081924,1.0110500592081924,0.5225227490698143,0.5510285079311246,1.0247210609616233,-0.1723605077607959,20.533629242199343,-0.2306290885344046
0.9093087153887286,1.6805904800306062,-0.9608888379491008,-1.2165940219308196,1.0110500592068707,1.0110500592081924,1.0110500592081924,1.0028766251865378,1.0219653419167742,1.5296752520374812,35.17295972112884,1.3965471398762714,1.5456229486407056
-0.3059182722998466,-0.8993600684393304,-1.6466588277438592,1.4887367576049269,1.0110500592068707,1.0110500592081924,1.0110500592081924,-0.6324095704352977,-0.60376382213821,-0.8285720264626174,-0.1946527665483584,29.129043266148077,23.284871383263983
-0.9664164978708032,0.1008594198665306,0.1527824081199197,-0.0612038070551556,1.0110500592068707,1.0110500592081924,1.0110500592081924,0.386974103748245,0.3882259495949683,0.8287914829829195,-0.1946527665483584,-0.2002195599264095,18.065635540067596
0.2967310391017912,0.6944459084818855,0.4510751462573358,-0.963605815374784,1.0110500592068707,1.0110500592081924,1.0110500592081924,0.7441042951857647,0.7173555406797212,1.4628307587381442,-0.1946527665483584,12.963568789699275,0.3483066635885167
-0.4286158068645315,-0.3153037307173135,-1.0038107778803178,-0.579742506305067,1.0110500592068707,1.0110500592081924,1.0110500592081924,0.0780404443879633,0.099800040413838,0.7055255403704427,-0.1946527665483584,21.536075384670447,2.257894610766148
0.4119969916921291,-1.6401709007102927,-1.2093705510159385,-0.3161365938591606,-0.9890707100936834,-0.9890707100923614,-0.9890707100923614,-0.6754266759975129,-0.6538603171396274,-1.0082696135965687,-0.1946527665483584,1.9090520585731527,22.692274352795543
0.4119969916921291,-1.6401709007102927,-1.2093705510159385,-0.3161365938591606,-0.9890707100936834,-0.9890707100923614,-0.9890707100923614,-2.6241820087706405,-2.5706475341937107,-2.545510953768222,31.422215633139203,3.163698673045013,-0.2683799861837147
0.5995140373284149,0.5326575959684858,-1.245502453801281,-0.0394293972333237,-0.9890707100936834,-0.9890707100923614,-0.9890707100923614,0.6351880661253196,0.6554575019406748,-0.311743098276841,22.5165488767345,0.9347288789172828,1.745652001029897
1.4135941272954575,-1.0323605843856345,1.1305438793265363,-1.1223213644244776,-0.9890707100936834,-0.9890707100923614,-0.9890707100923614,-0.7051711775380645,-0.7360372931646425,-0.3641083437541799,1.981607600098233,-0.1751687795036913,29.83720256268758
-1.3674383676273976,0.8790226300790602,0.7121807569534634,-0.8406266345074704,-0.9890707100936834,-0.9890707100923614,-0.9890707100923614,0.7441653674815497,0.749889500995975,-0.247267647295419,33.21059215717725,0.4782275742881311,-0.2382357970364825
1.3161183155049607,0.9366189405875136,0.7156455859560391,0.8132419976324441,1.0110500592068707,1.0110500592081924,1.0110500592081924,0.8273514493529889,0.8256960144103306,1.192530054044573,-0.1880761875762621,7.643631567258683,0.9149766881464068
-1.6560288108574155,0.0209336085679653,0.5584593756220873,0.6484529446714709,1.0110500592068707,1.0110500592081924,1.0110500592081924,0.2895818139789419,0.3104909239301341,0.4398492804584923,1.6681146487358256,-0.2079935689576294,18.022662096826643
-1.5417211923356582,-0.8537658726336178,-0.7098089969914622,1.2056613584665847,1.0110500592068707,1.0110500592081924,1.0110500592081924,-0.6951899289667984,-0.6417592635000237,-0.9170529235946038,32.509919440431524,13.514632631935942,-0.2528043545227293
1.4707842969614775,0.1694087519908348,-1.3892786972660305,1.1063340658270862,1.0110500592068707,1.0110500592081924,1.0110500592081924,0.491137336614056,0.5080454862534471,0.693791832253101,-0.1946527665483584,14.55552956327565,2.104755054394913
-0.2675552817934762,0.7249239053050467,-0.8821555681133755,-0.0616842894093395,-0.9890707100936834,-0.9890707100923614,-0.9890707100923614,0.7308677844306107,0.7129802854417743,-0.298987672734648,19.590858408939287,0.9602786511167312,0.7291829758389582
1.7217730867424936,-0.8717837776308527,-0.9407836175289644,1.1621939685521143,-0.9890707100936834,-0.9890707100923614,-0.9890707100923614,-0.4024905890093316,-0.3932642076586115,-0.7293722332260087,1.2010387174481605,20.631389499336123,2.290493702954373
-1.4714657974616596,1.031440976750948,1.2646935606623917,0.1716700747804872,-0.9890707100936834,-0.9890707100923614,-0.9890707100923614,0.7810818074196685,0.802194705362526,-0.2848914208824145,18.52746858297114,-0.238826832979733,2.2157212301002445
-1.1026817113898886,-0.9913232562304112,0.9930252646999296,0.3409606397586939,-0.9890707100936834,-0.9890707100923614,-0.9890707100923614,-0.811945987381338,-0.8628137483279218,-0.496163857619519,23.813351272721523,-0.2264920636751041,2.5084040491585085
-0.0437637488152442,0.223223122671334,0.3240546654360257,0.3409606397586939,-0.9890707100936834,-0.9890707100923614,-0.9890707100923614,0.5128102819386096,0.484144130048199,-0.3288864537753045,1.0383447399260712,1.7882576509330046,17.714245906390605
1.7288379580319004,0.1115224214626352,-1.32644039401176,-0.9951165827507098,1.0110500592068707,1.0110500592081924,1.0110500592081924,0.4825594712496143,0.4825178938413822,0.9816280729855308,31.81173839596126,0.4510881240054241,-0.2511282572157469
1.439295223813304,0.1115224214626352,-1.32644039401176,-0.9951165827507098,1.0110500592068707,1.0110500592081924,1.0110500592081924,0.4561403028539774,0.475328868262398,1.297269687684231,0.3450306714769671,1.9124222489239435,36.72072276573991
1.124629546240859,0.6048770743175859,0.455276677630655,-1.7813172611179262,1.0110500592068707,1.0110500592081924,1.0110500592081924,0.7294292673413041,0.6988922791364492,1.7531299265029174,-0.1946527665483584,29.816602013037624,2.617715407437649
-0.9392686233405676,-1.4764966152614956,-0.0506508452038319,-1.071701453955347,-0.9890707100936834,-0.9890707100923614,-0.9890707100923614,-2.271346749694251,-2.2281103572523,-1.667354694391974,2.207149071650112,-0.1703387452608101,11.477901633592076
1.1482168675623223,-0.0357988489241143,0.6053937738227217,1.173481955226689,-0.9890707100936834,-0.9890707100923614,-0.9890707100923614,0.4095354512097119,0.3664848317169425,-0.3583315399290146,-0.1946527665483584,28.177463455142156,0.7817249107376991
1.5146183697896638,1.215318754306418,1.7002144252001357,0.6048172746285324,-0.9890707100936834,-0.9890707100923614,-0.9890707100923614,0.9419565172529852,0.9057940040009572,-0.2234532503261037,34.968735677921266,18.67320588027836,28.32446050235397
-1.2049402774579443,-0.069325023979079,-1.532538598886516,-0.8173504172336676,-0.9890707100936834,-0.9890707100923614,-0.9890707100923614,0.2282803330051755,0.2597033362519935,-0.484472126025978,0.8328521519783355,35.134782728668306,2.335676637836465
-0.4916584941453052,-0.7254005677523395,-0.9336738428492948,-0.5432247221838636,-0.9890707100936834,-0.9890707100923614,-0.9890707100923614,-0.3819795389674249,-0.3603191549415745,-0.6175808121912482,0.5443785724950769,-0.2297052615584406,26.33234721320405
1.4873986322791517,-1.4043115188839883,-0.4565721314799622,-1.5303039416555286,-0.9890707100936834,-0.9890707100923614,-0.9890707100923614,-1.57152516724212,-1.5895961727450396,-0.5372536134758534,20.997676454195872,34.2852515656969,1.913427798205729
0.1879661144716007,-0.4726418218569556,-1.3596692446229817,1.0881700361328992,-0.9890707100936834,-0.9890707100923614,-0.9890707100923614,-0.0477958524286543,-0.0271745676552775,-0.6881125637484125,0.1850521932018402,-0.238826832979733,27.48458163612767
-0.854874078449514,1.4478749162866342,-0.6842748694222011,0.531971317191667,-0.9890707100936834,-0.9890707100923614,-0.9890707100923614,0.915630241509152,0.9367739768706284,-0.2912663221534355,-0.1946527665483584,-0.238826832979733,21.06696598366204
0.0256868151276379,1.6340688145622109,-0.4476056329074698,1.3735878762865288,-0.9890707100936834,-0.9890707100923614,-0.9890707100923614,1.0037012786284547,0.9938671093950396,-0.2710829482495868,1.2927920474068393,1.8234753873950296,31.693034249344173
1.1372158926336358,1.6340688145622109,-0.4476056329074698,1.1843260683388177,-0.9890707100936834,-0.9890707100923614,-0.9890707100923614,0.9932062357958644,1.0091196528463913,-0.2539352935830141,-0.1818189739270538,9.059054125791617,-0.2842038258508213
0.8807745989471664,0.0925130911831315,-0.7542438432875861,-1.2068311495414503,1.0110500592068707,1.0110500592081924,1.0110500592081924,0.4782373119190107,0.4416650151499411,1.452237884640656,9.170531926583203,16.093805784589787,34.82951829711389
0.8807745989471664,0.0925130911831315,-0.7542438432875861,-1.2068311495414503,1.0110500592068707,1.0110500592081924,1.0110500592081924,0.4782373119190107,0.4416650151499411,1.449625457693576,14.645043353895057,1.2674145983447638,0.4220525591454711
0.8807745989471664,0.0925130911831315,-0.7542438432875861,-1.2068311495414503,1.0110500592068707,1.0110500592081924,1.0110500592081924,0.4782373119190107,0.4416650151499411,1.435812811749789,0.2215759602598568,32.58821040786501,16.013057710013026
-1.3061121108829623,1.5840156983560636,0.6364577277374603,0.5766705783764757,1.0110500592068707,1.0110500592081924,1.0110500592081924,0.9490090236242106,0.9702293664694585,0.9488261622514752,1.382911896811482,16.33263772196621,1.2898478961607878
0.3424084452534288,-0.1868666571182589,0.1942436562872076,0.6615314999424688,1.0110500592068707,1.0110500592081924,1.0110500592081924,0.2437004604966363,0.2382829760655067,0.8191705938441796,0.4135921621641051,-0.2035320196565479,17.238527754981373
-1.2495807587467291,0.4441876374944628,-1.0404241112331465,0.5502814829654935,1.0110500592068707,1.0110500592081924,1.0110500592081924,0.5340691257853398,0.572514392099955,0.1522973787017098,18.4798878802502,29.55035853914221,33.34262220142407
-0.1004318019673942,-1.0658564402324222,-0.4253351894734526,0.5502814829654935,1.0110500592068707,1.0110500592081924,1.0110500592081924,-0.2660811625674317,-0.2540674586819791,0.1647243376201892,9.01990231525452,26.706971177987143,15.2080663172486
-1.7070109023474374,1.041992235303374,0.334741769263743,-1.2034437464028758,1.0110500592068707,1.0110500592081924,1.0110500592081924,0.788327992702631,0.8096354865852916,1.3062739089586406,1.404670070839121,22.255520385701463,27.605343728839628
0.1377985421622551,1.200726824964733,0.5099863451875183,0.4793488740375526,-0.9890707100936834,-0.9890707100923614,-0.9890707100923614,0.901268650948864,0.881717595136376,-0.248290991891063,-0.1946527665483584,1.7768810594306756,28.261825768958776
-1.0400846215792696,1.4890863735371636,1.1883569279019337,0.2523791755673032,-0.9890707100936834,-0.9890707100923614,-0.9890707100923614,0.9258278882996588,0.9448143799762014,-0.2522315101159261,1.4363112524638753,31.11066397810402,0.2753995131087148
-0.399536035108114,-1.191616980629035,1.171398427223678,-0.5847975558295262,-0.9890707100936834,-0.9890707100923614,-0.9890707100923614,-1.3073768776040426,-1.3192911960315188,-0.8081514652519434,0.4619125575685232,14.770960730651288,-0.1898993812945134
-1.1551955084599967,-1.6362206475815813,1.171398427223678,-0.5847975558295262,-0.9890707100936834,-0.9890707100923614,-0.9890707100923614,-1.817288216437871,-1.785091459985586,-1.4280185868942503,2.1993757392429703,1.439865177121929,2.14991398420862
-0.6138330978100337,-0.7040417513371471,-1.4541258239314196,0.1746385163250813,1.0110500592068707,1.0110500592081924,1.0110500592081924,-0.3692823594852224,-0.3357601574674597,-0.209723218196465,29.05295415172673,0.358127228881535,1.303101095572054
-0.6138330978100337,-0.7040417513371471,-1.4541258239314196,0.1746385163250813,1.0110500592068707,1.0110500592081924,1.0110500592081924,-0.3692823742541819,-0.3357601722699064,-0.2106398762462684,8.872607661625805,18.508784703739536,0.5235247558698641
-1.016484495677688,1.6327916331533672,0.4365150781392503,-0.9976754189179396,1.0110500592068707,1.0110500592081924,1.0110500592081924,0.965780555618772,0.9861184015173436,1.399119907335621,27.83678396497291,2.054462121286988,0.758662705334526
-1.016484495677688,1.6327916331533672,0.4365150781392503,-0.9976754189179396,1.0110500592068707,1.0110500592081924,1.0110500592081924,0.965780555618772,0.9861184015173436,1.3939316228213163,1.5844071967245683,0.1802425966229986,12.90861647474842
-0.9513023127225172,-1.4724592739069915,0.3122289548645793,0.4355787322054025,1.0110500592068707,1.0110500592081924,1.0110500592081924,-3.209247339475948,-3.142220750140368,-2.869230650249429,1.25289293535436,30.60233579039515,-0.2842038258508213
0.6863793499552188,1.6589990053569432,-1.1735393564214622,-1.4739395848839445,1.0110500592068707,1.0110500592081924,1.0110500592081924,1.0223916633427002,1.0128631760852316,1.5918040611829196,0.768133542466285,1.9517818609928272,30.40577095435685
0.6863793499552188,1.6589990053569432,-1.1735393564214622,-1.4739395848839445,1.0110500592068707,1.0110500592081924,1.0110500592081924,1.0223916633427002,1.0128631760852316,1.6017581231292175,12.99154941625206,1.89023814174744,13.78576376946806
0.0065470944987818,-1.4545525876499747,-0.3406274204300852,-1.648129051348601,1.0110500592068707,1.0110500592081924,1.0110500592081924,-1.9818548218739676,-1.9505810483719752,0.6834533598932336,12.08752258087522,0.5965309881124277,22.2036233107439
-0.4820773301065071,0.5253988658361765,-1.2691439838032874,0.036610673279931,-0.9890707100936834,-0.9890707100923614,-0.9890707100923614,0.604962164851023,0.6257183125878529,-0.3600234401093278,34.30462810337054,30.74881874290379,30.54972567843093
0.5402755025047089,-1.3434511049114777,-1.6281934713021304,-0.7663872805384859,-0.9890707100936834,-0.9890707100923614,-0.9890707100923614,-1.5204013809480863,-1.4882591856845422,-1.2825239340265873,23.649632788636453,1.8923882905107297,35.6027901898345
1.2909964321474197,0.5549704915828602,-0.7573545871032212,1.1876739906920777,-0.9890707100936834,-0.9890707100923614,-0.9890707100923614,0.663431339540257,0.681119327477845,-0.3332200902015002,0.8074103396382285,31.704062324138523,32.708070981539464
-0.3318081914925764,-0.0294489223996652,-1.1828917436275077,-1.4448118464429192,1.0110500592068707,1.0110500592081924,1.0110500592081924,0.3049366675158186,0.3265581407775321,1.2902511557470615,34.30946111667639,1.475391842649774,1.307845756174443
-0.9788457981237016,-1.4461131482051892,-0.6163436214555571,-1.4512822561749603,1.0110500592068707,1.0110500592081924,1.0110500592081924,-1.812953056380562,-1.779597623089235,-0.0388897195376983,-0.1633108588489352,35.10938842759838,-0.1727052128750928
-0.5795373006265796,-0.8747695299719845,-1.6101919489891745,0.7629844638202663,1.0110500592068707,1.0110500592081924,1.0110500592081924,-0.6550719013603825,-0.6187232975551878,-0.7887481101885832,10.400941179398655,19.56951155362782,1.5355140495880797
-0.5795373006265796,1.4287481721926782,-1.6101919489891745,0.7629844638202663,1.0110500592068707,1.0110500592081924,1.0110500592081924,0.91731547079904,0.9408605382367602,0.5523944037882023,19.658915142521614,-0.238826832979733,0.655779980984164
-1.0856588124812143,0.0138998982921725,0.4399131464914544,0.8025872819854111,1.0110500592068707,1.0110500592081924,1.0110500592081924,0.3260804267528605,0.3266890276109362,0.5782188962486962,0.2929601544646486,-0.229154021061133,22.211375168867654
-0.3914906092165501,1.237400122714447,1.6690688984233395,0.9745491342183646,1.0110500592068707,1.0110500592081924,1.0110500592081924,0.9185704504568594,0.8887402856453122,1.1278804684949664,-0.1933158082338339,24.87012151414102,-0.2842038258508213
-0.4721160745329237,0.6346885338227414,0.3684088015264053,1.6044365370861964,1.0110500592068707,1.0110500592081924,1.0110500592081924,0.6991887579743157,0.6769053364986568,0.7373577914728803,14.12830427609826,1.863755896557905,2.2080809921324445
-0.3116869928077772,0.9325564254686098,-0.7453835015139791,0.8248571717665999,1.0110500592068707,1.0110500592081924,1.0110500592081924,0.7745601030009258,0.7952685820725295,0.756475706711576,0.3311891539537925,24.66074850858744,-0.2842038258508213
-0.2540044238349361,-1.509211897184769,-0.252722701744001,1.2934167565179595,-0.9890707100936834,-0.9890707100923614,-0.9890707100923614,-2.2637006346872868,-2.237016937588371,-2.472734037107183,25.36104333259133,-0.238826832979733,2.970355803409645
-0.9473607377099073,-0.2641799417941872,-1.6301036150510446,-1.7003074677388543,-0.9890707100936834,-0.9890707100923614,-0.9890707100923614,0.0702999833433313,0.1155908506062979,-0.7348539162937768,-0.1923909143688021,27.542972818362717,-0.2160727050011373
-1.7573306212717978,-0.2641799417941872,0.0418700853523806,-1.7003074677388543,-0.9890707100936834,-0.9890707100923614,-0.9890707100923614,0.0440141995157448,0.0753526630781192,-0.2902756957444433,2.070150842336352,0.9116644701573792,2.380089442056864
-0.2755802177816022,-0.5572247506554479,-0.2712535582595524,0.4417491425933901,-0.9890707100936834,-0.9890707100923614,-0.9890707100923614,-0.1011034603678132,-0.1424376342583076,-0.5879970709024095,-0.1946527665483584,10.281910804525646,13.08409704601854
-0.0560477692734818,1.3067441269134017,-0.9945943882014878,-0.3598505970636064,1.0110500592068707,1.0110500592081924,1.0110500592081924,0.8969983107353648,0.9155600687588288,1.1344778597317415,-0.1946527665483584,34.288563992619714,-0.2461499591034207
0.3582798288286035,-0.620360924373653,-1.1869669749113825,0.1415683288376974,1.0110500592068707,1.0110500592081924,1.0110500592081924,-0.1355069086901531,-0.1777400036307612,0.429122167915774,34.07203083736774,22.43779692224696,9.77695197228878
-0.1443455111357721,0.2617309509913105,-1.056818214009107,-1.048634000507228,1.0110500592068707,1.0110500592081924,1.0110500592081924,0.4497169460629762,0.4707016748008671,1.0844773081974943,1.6869052289096589,22.343809109222764,-0.2842038258508213
0.91648172309096,-0.2575011029714841,0.0902033935846391,0.2972232322359027,1.0110500592068707,1.0110500592081924,1.0110500592081924,0.2310730643573361,0.2189843979139877,0.86662558992102,-0.1946527665483584,-0.238826832979733,8.09151768353365
-1.508324012649375,0.5063371631459549,0.7778393596897919,0.5272020933678926,1.0110500592068707,1.0110500592081924,1.0110500592081924,0.5743133457657198,0.5951431030020039,0.7429162867364678,-0.1946527665483584,23.31574342532528,-0.2393996401961117
-1.7122775138659505,0.0459598806931642,1.5386341513074662,0.532635719455331,1.0110500592068707,1.0110500592081924,1.0110500592081924,0.3062815002589054,0.3256294174955694,0.6482606588877355,29.8580872050823,0.948980146161882,24.690797033282863
1.3836264250777517,0.0459598806931642,-0.8063536961873444,0.532635719455331,1.0110500592068707,1.0110500592081924,1.0110500592081924,0.4359373486188885,0.4360831708829774,0.886075327973401,31.5479845999966,1.5199060973170804,26.11977050720979
-0.4812236178757484,-0.8840614882533337,1.490309301101426,-0.1798389075578336,-0.9890707100936834,-0.9890707100923614,-0.9890707100923614,-0.5430476729299963,-0.6063115913889947,-0.5740698928802864,22.022184014562992,1.0412790051834395,10.194391799504864
-1.5117311285950072,0.2800350582946932,-1.5953394731352355,-1.733172821246329,-0.9890707100936834,-0.9890707100923614,-0.9890707100923614,0.4305163990703678,0.4738133030141608,-0.2733447025515941,25.58980237113744,-0.2238242171404867,1.2834165427185888
0.1828985424014874,1.2705941407261483,1.3295912958945195,-1.2259071756245152,-0.9890707100936834,-0.9890707100923614,-0.9890707100923614,0.9029203790290692,0.9034245290713676,-0.1966107770914877,1.6293315906671426,-0.1937009020211597,27.144291558103458
0.4181109442126395,1.2705941407261483,1.3295912958945195,-0.6223197023560897,-0.9890707100936834,-0.9890707100923614,-0.9890707100923614,0.9270300727851114,0.9058906726266184,-0.2097122341490142,16.94196673528202,0.5778193668886765,34.07344735993827
-0.3471125418451796,-1.5715069987664836,-0.2043461709957872,-0.0643552876530058,-0.9890707100936834,-0.9890707100923614,-0.9890707100923614,-1.1389191305692683,-1.1536436311861296,-1.408541243584999,17.425028759441236,13.31691327205472,2.7275574094609003
-0.4642076978914785,-1.1230415846902313,-1.4995986286472582,-0.0345062867369695,-0.9890707100936834,-0.9890707100923614,-0.9890707100923614,-0.5077806555163257,-0.479617446522632,-0.937842746769926,31.864017329279847,30.41294338868424,3.39786575441402
0.1350070459787464,-1.4614423747606649,1.5929626484845212,0.7584547227575479,-0.9890707100936834,-0.9890707100923614,-0.9890707100923614,-1.941868255230228,-2.0496926598253187,-1.5333655692349752,25.340278686723323,7.828983059195308,1.695042603579778
-0.5108473403598841,-0.0025953802665397,-1.1163403120669415,0.4193518272720846,-0.9890707100936834,-0.9890707100923614,-0.9890707100923614,0.474946159725418,0.4937944946829853,-0.4234212564410259,16.42915066767935,-0.238826832979733,0.8560030642949946
1.5205268615758618,1.1230413958881231,-0.2690333940914016,0.4273039649220765,1.0110500592068707,1.0110500592081924,1.0110500592081924,0.9161733196498872,0.8847086996279215,1.2425773091552987,0.1576671080196163,29.163439756755835,32.75270740789339
-0.7194706304672525,1.5602454963571943,0.593733272207206,0.1926210591995069,1.0110500592068707,1.0110500592081924,1.0110500592081924,0.9534799228613304,0.9724058465986948,1.2980710890718787,22.003543911260596,-0.196365769245577,1.916315176095904
0.3159346744121843,-1.526052021261864,-1.3581948000659196,-0.1676541187810351,1.0110500592068707,1.0110500592081924,1.0110500592081924,-1.9449874571200945,-1.8911041630277217,-1.3551154930512272,1.0060290865317658,-0.1665919972438549,29.52029926585394
1.6980548415111918,1.258453460303854,-0.8144956545812456,-0.6446292402278392,1.0110500592068707,1.0110500592081924,1.0110500592081924,0.9460409020566432,0.9264006596591888,1.43359421079954,32.98003603201946,-0.238826832979733,2.3100943801937905
0.6803561647246993,0.0152974286196655,0.5812174454632248,1.1600241374774511,1.0110500592068707,1.0110500592081924,1.0110500592081924,0.4297097589032993,0.3877884609595212,0.8904169481034,1.1341584231565136,16.75683586696844,18.464064591299383
-1.6049448695279815,0.445887701342204,-1.537646396563555,0.0356583914965577,1.0110500592068707,1.0110500592081924,1.0110500592081924,0.5217859645290461,0.5634804404511359,0.1473988804078222,-0.1828138280652738,29.8098442312839,-0.2099802272182539
-0.3306001033344106,1.1545890443163025,-0.4396023718275211,0.2118539607298107,1.0110500592068707,1.0110500592081924,1.0110500592081924,0.8461829307606539,0.8670182204474822,0.9868810050472956,7.716167647648144,-0.238826832979733,1.337060075358384
-0.1323504111643714,0.2916786294165317,1.6790860985410292,-0.0830114905599534,1.0110500592068707,1.0110500592081924,1.0110500592081924,0.4912538256880973,0.4839776585487134,1.2132436555446622,-0.1718429806580922,25.27316912599796,-0.2449462634313769
-0.1323504111643714,0.952709815122942,1.6790860985410292,-0.0830114905599534,1.0110500592068707,1.0110500592081924,1.0110500592081924,0.7193768638752622,0.6755815676206587,1.297717842362032,0.7503678589683018,-0.2227156380686613,33.16557805219051
1.000346927906367,-0.5943344671680584,-0.0452024057137429,-1.4842982425222624,-0.9890707100936834,-0.9890707100923614,-0.9890707100923614,-0.0540660057112091,-0.1092280917995601,-0.2617473387876197,-0.1946527665483584,14.14617269958023,10.607019414136186
1.5323187676186931,0.139803152000264,0.6235268756129879,-1.362398099096378,-0.9890707100936834,-0.9890707100923614,-0.9890707100923614,0.4966629214239546,0.4867467440888558,-0.2126375500069531,8.493678597767227,33.93134643948666,1.9425023070175496
0.1876352077340539,0.4226076547930494,-0.7596382210003252,-1.7231918744858563,-0.9890707100936834,-0.9890707100923614,-0.9890707100923614,0.5750704733642139,0.5954828686193299,-0.205968423239351,28.656643340682088,1.9636068224319576,33.32709641038855
-1.3497835769432849,1.178556796480767,0.1391728415238527,0.8240768619852656,-0.9890707100936834,-0.9890707100923614,-0.9890707100923614,0.8306244712558811,0.8520304571110058,-0.3255135141214328,29.27294246188452,8.46801857829153,-0.2837700792380699
1.4551510088134618,-1.2178181195059938,-1.3297026886107717,-0.1570440117135259,-0.9890707100936834,-0.9890707100923614,-0.9890707100923614,-1.0569366972718182,-1.032462434171211,-0.944762827402987,11.610842781183194,-0.1880666274367956,33.75998192170169
-0.0260284087666145,0.94132895561784,-1.158254884977092,-1.1099550329670744,-0.9890707100936834,-0.9890707100923614,-0.9890707100923614,0.7781358399248571,0.7988531841317195,-0.2348330701090326,26.02650478794623,0.7918762127433187,1.9132397447329337
0.1433992987983614,0.94132895561784,-1.158254884977092,-1.1099550329670744,-0.9890707100936834,-0.9890707100923614,-0.9890707100923614,0.7810575789681595,0.8021021580992994,-0.232900614543649,10.13582925527868,27.08332275110132,0.6459096157082208
1.7129241700360505,-1.6106101598033629,0.6788307020511886,-0.4553772640236393,-0.9890707100936834,-0.9890707100923614,-0.9890707100923614,-1.2104918280946266,-1.2463843897690547,-0.8742129944563796,-0.1754799271225022,19.49487192138543,-0.2178272367847771
0.9381488488421436,0.2966992060701079,0.7109794218723513,-0.4553772640236393,-0.9890707100936834,-0.9890707100923614,-0.9890707100923614,0.596521715687068,0.549182205604966,-0.2486328153704386,-0.1946527665483584,13.35024350664336,12.068423833428412
-0.3525860911272443,-1.142027252583955,0.4326515452604848,0.8596897420299799,1.0110500592068707,1.0110500592081924,1.0110500592081924,-1.0349968094210065,-1.0999382261171426,-0.2661926436364359,-0.1946527665483584,-0.238826832979733,26.310327529437664
0.0840390540006984,-1.1807222518969696,-0.5785566275137681,0.8596897420299799,1.0110500592068707,1.0110500592081924,1.0110500592081924,-1.053329916966374,-1.0338213772397704,-0.4320750595581537,0.9292845254830744,24.15109097095937,0.4151891594977016
0.0381144171198427,-1.1807222518969696,-0.9292743580422148,-1.6259536798281715,1.0110500592068707,1.0110500592081924,1.0110500592081924,-1.1554188959801073,-1.129292381185912,0.9782779967914754,-0.155671661906352,20.32358167885745,-0.214916319098767
-0.7797052575193509,0.5923539618290676,-1.0121080392797317,0.6050422166579056,1.0110500592068707,1.0110500592081924,1.0110500592081924,0.6467665611084463,0.6668260882951799,0.6509490499359412,11.600465982517692,-0.21692517660681,29.00379019483514
1.1820710727112431,-1.149996269452847,1.2331200166358327,0.9909688277691896,-0.9890707100936834,-0.9890707100923614,-0.9890707100923614,-0.4573131932598307,-0.5010563660356034,-0.6906846576523465,26.03502311385173,12.706400625766909,-0.2842038258508213
1.1820710727112431,-1.149996269452847,1.2720559328822738,-1.4920566871042231,-0.9890707100936834,-0.9890707100923614,-0.9890707100923614,-0.8985810552812429,-0.9296529427700528,-0.3328301194004657,10.610314785539684,0.5145282220235207,-0.2842038258508213
-0.6447179396605619,0.735758849823216,-1.0518079162529388,-0.5866126980517993,-0.9890707100936834,-0.9890707100923614,-0.9890707100923614,0.6900291638103407,0.7107886547049926,-0.2897465407893586,24.777015747312777,0.3218493751021005,1.7730715363629304
-0.6447179396605619,0.735758849823216,-1.0518079162529388,1.6730782656695036,-0.9890707100936834,-0.9890707100923614,-0.9890707100923614,0.6900291638103407,0.7107886547049926,-0.4207804754503,1.7600578811558931,31.81680668495956,2.3658309904221464
-0.9546831914544291,0.1466822867914492,0.4350071262290146,1.6585817633969906,-0.9890707100936834,-0.9890707100923614,-0.9890707100923614,0.3974240136521698,0.4186063205726227,-0.5296735805459305,-0.1946527665483584,31.29440937017444,20.092943152302265
-0.4749460050470456,-0.9825792695215204,0.4383408013339714,0.6930826881615016,1.0110500592068707,1.0110500592081924,1.0110500592081924,-0.7546215490520216,-0.7633406225235241,1.071726401707634e-05,10.328650302008477,-0.2085125334918349,0.5426893020612944
-0.4749460050470456,0.4273520714601055,0.4383408013339714,-1.6855816921834996,1.0110500592068707,1.0110500592081924,1.0110500592081924,0.5819263486940885,0.5839080568152295,1.6459202096928829,12.976024038037195,31.531098786025748,-0.252475769964689
-1.3941562813213673,-0.3326773090966066,0.7062742264163867,0.3336054141854512,1.0110500592068707,1.0110500592081924,1.0110500592081924,0.0226634634788148,0.0341731344761814,0.4799145976007593,-0.1946527665483584,14.969534858139436,1.2284407437562113
-0.4285358539836532,-1.4625971344636888,-0.021538875109437,-0.4272968763840247,1.0110500592068707,1.0110500592081924,1.0110500592081924,-1.9224249590697693,-1.9562924109473996,-0.65137837882531,-0.17691512550927,2.802990252064299,1.7989018668689123
1.5867892572051423,-0.4320653992910314,-1.6338100761047545,-1.711292879467432,-0.9890707100936834,-0.9890707100923614,-0.9890707100923614,0.0706308384531285,0.0918090554096774,-0.2461683032397141,-0.1528764211953257,-0.238826832979733,35.34268331824359
-1.3430576763513735,-1.12474415353263,0.3262547755538396,-0.7332343646969097,-0.9890707100936834,-0.9890707100923614,-0.9890707100923614,-1.1678248833918723,-1.1402760571082693,-0.9658259086273686,14.02402774661998,7.541397158924787,-0.2049480452524414
0.4644704992822975,1.19842314954046,0.3972191899699669,-1.385495993374416,1.0110500592068707,1.0110500592081924,1.0110500592081924,0.8802486835673824,0.8928280427233998,1.6299820088057362,1.2284617693633149,0.3274150564562704,25.504665907671345
0.4644704992822975,1.19842314954046,0.5691130907230896,1.4874611881428486,1.0110500592068707,1.0110500592081924,1.0110500592081924,0.8920176611046484,0.89216036701162,1.0228280206882974,26.043247609161885,-0.2037359846501837,1.1908157337909022
-1.607669888423573,0.6425049195854464,0.7147641846204821,-0.8046874775024003,1.0110500592068707,1.0110500592081924,1.0110500592081924,0.6339364496150406,0.6546485003207316,1.1782944969653606,7.316370804138878,30.35825849887373,0.2752237245365215
-1.084298315107893,-0.6688321760306956,0.1392216846225119,-0.7833292042553043,-0.9890707100936834,-0.9890707100923614,-0.9890707100923614,-0.3504973195647709,-0.3281976317274295,-0.5217107490937845,27.152047085786272,2.0354217556677137,28.07772886837855
0.2609018552146044,0.3410194344911202,-0.5386354561227645,-0.7833292042553043,-0.9890707100936834,-0.9890707100923614,-0.9890707100923614,0.5383940019633454,0.55783196852146,-0.2714178303312665,-0.1946527665483584,-0.2191875795414168,16.36160867822761
0.5279608380342429,-1.366236419720427,-0.6676531545502709,0.8244048681135471,-0.9890707100936834,-0.9890707100923614,-0.9890707100923614,-1.5777407164857191,-1.561640536014604,-1.6014634851688427,0.4019222016812058,9.486556471718478,1.406231655765861
-0.274142906515987,-0.451438242827694,1.6735289484229028,0.5478675640879991,1.0110500592068707,1.0110500592081924,1.0110500592081924,-0.0281966160640469,-0.0208867402277509,0.0578357581383758,-0.1946527665483584,28.88097332444488,1.2957292577871609
0.0293757767651497,0.4308142262800104,-0.5494638121533012,0.0848535824326089,1.0110500592068707,1.0110500592081924,1.0110500592081924,0.5861457908032836,0.5994975985979789,0.8876235254597195,29.62967022184734,37.41966241745454,-0.2842038258508213
-1.5235495347022412,-0.4092371692112861,0.6325567502850736,0.3885781189689252,1.0110500592068707,1.0110500592081924,1.0110500592081924,-0.0699199732422199,-0.0484614030658198,0.2939216253705718,1.0332869866505328,25.57351384404484,-0.2747022420684795
1.5161462349637649,1.0611474669030652,0.6325567502850736,-1.3621692129665737,1.0110500592068707,1.0110500592081924,1.0110500592081924,0.904288865037598,0.865709995409048,1.6838397985113829,20.510664878073225,0.5736744726116082,19.187217737398186
0.8946540652292858,-0.2916259024475968,0.3049779773566458,-0.7590782527770196,-0.9890707100936834,-0.9890707100923614,-0.9890707100923614,0.1875639883006746,0.1749076473548583,-0.291353183303163,-0.1802334380420787,-0.238826832979733,17.05368553513305
0.8946540652292858,-0.2916259024475968,1.4765775622933497,0.510552172887237,-0.9890707100936834,-0.9890707100923614,-0.9890707100923614,0.2253528847155101,0.1745427843425891,-0.3539141945568568,33.74077449301301,-0.238826832979733,11.846567470819156
-0.5452513358554026,0.0608758790618566,-0.572359454418964,-0.8514252403854154,-0.9890707100936834,-0.9890707100923614,-0.9890707100923614,0.351041697234219,0.3717103904150298,-0.320191871848373,31.071631236686187,11.895193951618946,1.1404740620357283
-0.5452513358554026,0.0608758790618566,-0.572359454418964,-0.8514252403854154,-0.9890707100936834,-0.9890707100923614,-0.9890707100923614,0.3534535408326711,0.3740145112375344,-0.3180998209013089,25.27349019235159,1.9739998264855267,0.5980119796648314
-1.0792801629667348,-0.4267307866799357,-0.110409380258228,1.2324067238677712,-0.9890707100936834,-0.9890707100923614,-0.9890707100923614,-0.0664323555289449,-0.0450886048508333,-0.7147485235612784,0.5865488032759975,25.941506613879525,1.8771487887598155
0.95174146707191,0.1984849917953626,1.4508156012109146,1.3480889326828558,1.0110500592068707,1.0110500592081924,1.0110500592081924,0.5158837275158443,0.5062244069535567,1.0107013385413623,-0.1946527665483584,29.355159282119427,-0.2842038258508213
1.1955297944976448,0.9570604558664004,-1.424952483020161,-0.9207754409901124,1.0110500592068707,1.0110500592081924,1.0110500592081924,0.3265434340065019,0.378456882535983,1.1198815782090517,32.38525428711676,-0.2088170850451221,-0.275407666892333
1.1955297944976448,0.9570604558664004,-1.424952483020161,-0.9207754409901124,1.0110500592068707,1.0110500592081924,1.0110500592081924,0.8110023525008592,0.8316690448080423,1.34665589317343,-0.1946527665483584,-0.2333824406452137,24.54175362404892
-1.68291711051092,-1.2824318382197724,-0.962620308614189,1.2200022256553142,1.0110500592068707,1.0110500592081924,1.0110500592081924,-0.6126265350842612,-0.5877740956059722,-0.9183939331600656,1.7240064777728603,-0.1706849428103352,27.846446150832705
-0.1354391906641711,-0.0540420200677415,-1.3617553651060017,-0.684889240878063,1.0110500592068707,1.0110500592081924,1.0110500592081924,0.2961129765238445,0.3171386661095364,0.8646412566003375,30.395879688321,-0.238826832979733,11.774849644558389
0.3925848158500993,-0.7138219730939478,-0.0265339233556908,1.071275944340164,1.0110500592068707,1.0110500592081924,1.0110500592081924,-0.2725685805116631,-0.2791013584713952,0.3423126238178668,-0.1946527665483584,-0.238826832979733,7.969969924080299
-0.8815307479094384,-0.042917075389941,0.28977582784657,1.4343677104391768,1.0110500592068707,1.0110500592081924,1.0110500592081924,0.2757404068525722,0.2959427190676001,0.394453789482849,0.5295810698305065,30.93393912883613,28.651696652354584
-0.4723551372506575,0.7530846028892593,-0.0128451431062343,1.474701367820529,1.0110500592068707,1.0110500592081924,1.0110500592081924,0.7065237490787963,0.7261659540706452,0.6930359730132623,-0.1935301305780851,1.9041687692278224,17.601781184739366
-1.4558758914730132,-0.0569012130337814,-0.5121242464414226,0.7666652199109907,-0.9890707100936834,-0.9890707100923614,-0.9890707100923614,-0.6432154552494406,-0.5641078451884083,-1.3234744838101786,17.80577848669584,-0.185512940128726,9.947667751295125
-1.2154779358269718,1.6362466376632103,-0.5121242464414226,-1.5112133280952655,-0.9890707100936834,-0.9890707100923614,-0.9890707100923614,0.9568965010365498,0.9792467007131344,-0.2043301075448021,9.146856782655268,-0.238826832979733,26.857716790779367
0.8644752706228638,-1.5407590333086305,1.3962993181476704,0.0298224292076065,-0.9890707100936834,-0.9890707100923614,-0.9890707100923614,-2.1440820383692016,-2.1312149439954364,-1.3964401385541088,21.28627898017745,30.029336259169856,-0.2590128506788641
0.8644752706228638,1.029029234234597,-0.94452706002397,0.0298224292076065,-0.9890707100936834,-0.9890707100923614,-0.9890707100923614,0.8285388825099943,0.8434515868801747,-0.2616250978443446,-0.1946527665483584,24.97401695554857,-0.2511860146113157
0.9329290146152144,-1.0575456334441895,-0.2935483735057135,-1.62232605855975,-0.9890707100936834,-0.9890707100923614,-0.9890707100923614,-0.7769829776164294,-0.7663494730380119,-0.729656999255196,0.7188828101582637,18.924025088755357,-0.1997471734013747
1.2217591054001502,-1.1963160771006889,-1.1468845399473675,0.0254497816787969,-0.9890707100936834,-0.9890707100923614,-0.9890707100923614,-0.6712772427134266,-0.7405365274864579,-0.7363898841362403,17.236269227412585,2.357283697967136,33.70169049552516
1.2217591054001502,-1.1963160771006889,-1.1468845399473675,0.0254497816787969,-0.9890707100936834,-0.9890707100923614,-0.9890707100923614,-0.9649116407742282,-1.0356193861918863,-0.909243360542511,-0.1518349336341904,8.397204440306865,2.2410114727477546
0.6197597459934693,0.4113077570347422,1.174578359242131,1.5382902035373405,-0.9890707100936834,-0.9890707100923614,-0.9890707100923614,0.6053561830927018,0.5997607682976023,-0.3226204677456955,-0.1940262785415592,33.03984039246719,-0.2842038258508213
-1.1409257643487645,-0.2930005017671636,-1.7033406784052834,-1.703455562287187,-0.9890707100936834,-0.9890707100923614,-0.9890707100923614,-2.357682646567115,-2.27175294692716,-1.9514753852549065,34.19959237287088,-0.138869177687041,18.801618468523383
0.4933330329166966,-1.392952271492254,0.5027489201887183,-1.4271734904391074,1.0110500592068707,1.0110500592081924,1.0110500592081924,-1.5786329739965177,-1.6648070947450715,1.0077755418273913,1.569303870243999,0.8051822876531111,22.818295270422915
-1.5931213735540806,-0.6242106989935633,-1.0587880290689238,0.2099387316278776,1.0110500592068707,1.0110500592081924,1.0110500592081924,-0.3370185155803287,-0.3025342342706205,-0.4532235147866514,13.418089838143844,35.9643725806427,1.885425686036145
-1.5931213735540806,0.2118147852902219,-1.735943821323303,0.2099387316278776,1.0110500592068707,1.0110500592081924,1.0110500592081924,0.3924811145020565,0.4362872000232968,-0.1371633158072547,1.2570542300056735,-0.1967276679093931,16.11419891101624
-1.5931213735540806,0.2118147852902219,-1.735943821323303,0.2099387316278776,1.0110500592068707,1.0110500592081924,1.0110500592081924,0.3924811145020565,0.4362872000232968,-0.1471973618747056,9.276201710461098,-0.238826832979733,-0.2358020598319556
-0.3044529681511362,-1.1375589626976683,0.1247411524543925,-0.888819507814342,1.0110500592068707,1.0110500592081924,1.0110500592081924,-1.0401172216605423,-1.0221844965422022,0.5292050474567457,1.3089979119439523,20.440182967251506,-0.2842038258508213
-1.1456373563645963,0.7487305024093004,0.7604551028718767,1.563234812285376,1.0110500592068707,1.0110500592081924,1.0110500592081924,0.6857916206533383,0.7066133044992985,0.6605580513617637,1.4504039286628518,-0.238826832979733,14.421040928453108
-1.1456373563645963,0.7487305024093004,0.7604551028718767,-1.6686936082033783,1.0110500592068707,1.0110500592081924,1.0110500592081924,0.6900480210869274,0.7097098483326915,1.6207249340427252,-0.1946527665483584,33.06901109445329,-0.2058832944845826
-1.1456373563645963,0.7487305024093004,-0.8236976687256954,-1.6686936082033783,1.0110500592068707,1.0110500592081924,1.0110500592081924,0.6860579440219436,0.7097712516574788,1.4699076555049415,0.8089302808128447,32.71288689611166,-0.2301767210570523
0.2070352923828591,0.1545043482051486,-0.2612338175425767,-0.3413159168784925,1.0110500592068707,1.0110500592081924,1.0110500592081924,0.4591860131749164,0.4594409264340457,1.103165102862547,28.306121226383794,12.149942114483986,7.511059225606362
-1.4234101041691811,-1.5073487171486089,0.1912777530612683,0.8663628642441543,1.0110500592068707,1.0110500592081924,1.0110500592081924,-2.5231282513720408,-2.493769060479073,-2.3934125890028977,23.27897050824153,12.020637436496116,11.210554727538328
-1.4234101041691811,0.4971922164349655,0.1912777530612683,0.8663628642441543,1.0110500592068707,1.0110500592081924,1.0110500592081924,0.5819783448285218,0.5927201843149176,0.5809924687769649,22.049088107442284,-0.238826832979733,-0.2786888632254869
-1.4234101041691811,0.4971922164349655,-0.9854704133168348,-1.520305811528465,1.0110500592068707,1.0110500592081924,1.0110500592081924,0.5649091852109004,0.5931929861419051,1.2552788827735826,1.8072569207387108,1.248525226042867,9.68484655489153
-1.4234101041691811,0.4971922164349655,-0.9854704133168348,0.5763283596625747,1.0110500592068707,1.0110500592081924,1.0110500592081924,0.5649091852109004,0.5931929861419051,1.231318236368394,12.8962665284477,2.032135917873731,1.7497739536068218
-0.568385035187878,1.1390818984209634,-0.2701320081566304,-1.0335396174793814,-0.9890707100936834,-0.9890707100923614,-0.9890707100923614,0.8320989744372977,0.8532831383134094,-0.228289886236264,29.98512845018489,7.57402196290025,-0.2591524790473166
1.6722737956813534,0.7527923938574349,-0.5966189369545016,0.0675359562934382,-0.9890707100936834,-0.9890707100923614,-0.9890707100923614,0.7626598680461092,0.7644863225491498,-0.2543766724245587,1.5695275490032456,15.150382867322987,-0.2842038258508213
-1.2585850287685771,0.7527923938574349,-0.5966189369545016,0.0675359562934382,-0.9890707100936834,-0.9890707100923614,-0.9890707100923614,0.6764468776217776,0.704211622503606,-0.3518690504827125,36.09056105338598,35.4400118298306,-0.2663729027277738
-0.7485897027673043,0.8881691914277041,0.8400117467422412,0.2770931863201489,1.0110500592068707,1.0110500592081924,1.0110500592081924,0.7528240119633246,0.7709652558039563,1.0423975778880157,12.8637309313722,1.0356395694942402,0.8410483513736389
-0.7485897027673043,0.8881691914277041,0.5136022084804432,-0.1589217100121948,1.0110500592068707,1.0110500592081924,1.0110500592081924,0.7528240119633246,0.7709417688379845,1.1679997980899235,1.4441459730497708,13.861534157124886,2.234611683850872
-0.7053164160523153,0.1580025203577074,0.5136022084804432,0.9549201099505776,1.0110500592068707,1.0110500592081924,1.0110500592081924,0.4312035969727881,0.4322491888475659,0.6957723263810005,30.28446399963284,11.921149082501758,22.67508564918734
0.3345899662981121,1.35194645112222,-0.8107466131475897,0.0662643118730964,-0.9890707100936834,-0.9890707100923614,-0.9890707100923614,0.9203806492859832,0.9282745852088542,-0.2530128373535015,7.271173692254342,-0.1984628245306743,-0.2310637737379897
0.3345899662981121,1.35194645112222,-0.8107466131475897,0.0662643118730964,-0.9890707100936834,-0.9890707100923614,-0.9890707100923614,0.9203806492859832,0.9282745852088542,-0.2512095167739758,33.10121312262002,-0.238826832979733,-0.2538139737450376
0.452304803000345,-0.2069262203043952,1.3864688989027054,0.62359309917101,-0.9890707100936834,-0.9890707100923614,-0.9890707100923614,0.2343458943532356,0.2227789586052868,-0.3693793083607862,29.15473885265896,27.37602337946841,0.3987429186554406
0.2270627138350794,-0.2069262203043952,0.5980163749623575,0.9339444238395508,-0.9890707100936834,-0.9890707100923614,-0.9890707100923614,0.2044879468194731,0.214858887049816,-0.4417864324975009,-0.1946527665483584,-0.226233235893109,10.139681388823394
-1.4157153911206743,0.0354809498801284,1.3762374459109994,-1.472439710722348,-0.9890707100936834,-0.9890707100923614,-0.9890707100923614,0.3042661826891502,0.3253093694923109,-0.2512816740729876,-0.0971116961742968,1.8736956736209027,2.818243363866928
0.9280356594950534,-0.8374827167506717,0.4275492272161116,0.4673270144144894,-0.9890707100936834,-0.9890707100923614,-0.9890707100923614,-0.3348622535337309,-0.4213940986542025,-0.535858410412455,-0.1571104819139532,-0.238826832979733,31.61088170910641
-0.1955863861502756,-1.5477075125672992,1.4756371380381756,-1.410557230010027,-0.9890707100936834,-0.9890707100923614,-0.9890707100923614,-2.5849998590286605,-2.589443647769164,-1.0109518744443995,-0.1197916494815958,1.5809104285738498,26.5536693232173
0.8446345526583787,0.52016540682657,0.8631921879447082,-1.0004137325916749,-0.9890707100936834,-0.9890707100923614,-0.9890707100923614,0.6930667184303806,0.6516810602608925,-0.2161034982319025,13.303141175894185,1.5525629864701769,26.443251729316515
0.8446345526583787,0.52016540682657,0.8631921879447082,-1.0004137325916749,-0.9890707100936834,-0.9890707100923614,-0.9890707100923614,0.6930667184303806,0.6516810602608925,-0.2165404058445668,-0.1946527665483584,13.482881609554198,27.78624198609762
1.40608223942495,-0.285435737944875,-1.6876663012899216,-1.207374797851526,-0.9890707100936834,-0.9890707100923614,-0.9890707100923614,0.1854490185975424,0.2048716778450416,-0.2974119853282801,18.48098222214537,1.314766593471399,-0.2842038258508213
0.7141259785220411,1.633405743318907,-1.1263065259937235,1.0452115332797751,-0.9890707100936834,-0.9890707100923614,-0.9890707100923614,0.994308067517748,1.003211067571249,-0.2668542217020994,21.38366637611518,1.0216374169470095,26.429799968630316
0.3110858350520323,-0.0538313788385425,-0.3942781661046918,1.0164830192941916,-0.9890707100936834,-0.9890707100923614,-0.9890707100923614,0.3627934130401547,0.3312940794145069,-0.4256735777201073,16.424194638975596,-0.238826832979733,-0.2701942589197058
0.2735128738975945,0.9833417984324012,0.5236632952583858,-0.642697882432903,-0.9890707100936834,-0.9890707100923614,-0.9890707100923614,0.8045659565231646,0.8182080300914795,-0.2262840337836208,1.910504738778201,15.447286012742314,2.0120161857105825
-0.1655572958791017,-1.3320597992816534,-0.7475873423384826,-0.642697882432903,-0.9890707100936834,-0.9890707100923614,-0.9890707100923614,-1.5753200551905446,-1.5770058399180271,-1.231174015744133,11.679814999738246,15.006858513441731,-0.1910739047109947
0.5755712187064026,-0.2870540034273074,0.8236585055697672,1.5967321285015248,-0.9890707100936834,-0.9890707100923614,-0.9890707100923614,0.2238947074376255,0.1625016513097557,-0.4451224743866724,-0.1946527665483584,23.64977895454484,-0.2595311997553083
0.5755712187064026,0.9525129764692016,0.8236585055697672,-0.9882756433290948,-0.9890707100936834,-0.9890707100923614,-0.9890707100923614,0.8444886916229389,0.8108561520568188,-0.2069972547654124,24.70482861019005,0.6383969083764328,27.525422398831893
-0.1105994470149715,0.9081264255756202,0.2804718725373765,-0.3116927105268932,-0.9890707100936834,-0.9890707100923614,-0.9890707100923614,0.7711367817241312,0.7855660735147529,-0.2503745145259634,1.4788896137150698,9.209520655992446,30.689819051580688
-0.2164114258064278,-0.064672441855376,0.686497582652873,0.6778044667794156,-0.9890707100936834,-0.9890707100923614,-0.9890707100923614,0.3375059680611725,0.2979989651650895,-0.3893939503530342,0.5745464915765941,-0.238826832979733,12.49862232589593
-0.135301101944567,1.1047001008619004,1.454984340307238,0.6778044667794156,-0.9890707100936834,-0.9890707100923614,-0.9890707100923614,0.8455942870161615,0.8494168486594954,-0.2561990661428347,-0.1946527665483584,-0.2316940907896543,35.0032546707022
-0.4314611583633689,0.8801715886637633,0.749083955978462,0.9223506043822136,-0.9890707100936834,-0.9890707100923614,-0.9890707100923614,0.7893059194086268,0.7706806515942588,-0.2911078721479194,14.60795121519608,-0.2357264146258326,22.208401117889043
-0.2130806636328612,0.1185486630174447,0.7335438613395154,-1.5266955165259506,-0.9890707100936834,-0.9890707100923614,-0.9890707100923614,0.4228039943298752,0.420703139325329,-0.2186548909439245,23.34970929020065,-0.2375764173030372,2.7195858612081603
0.9870131951992436,0.6021699995105179,0.0988545117256163,-0.85309097943755,-0.9890707100936834,-0.9890707100923614,-0.9890707100923614,0.680596428123885,0.6932517466224624,-0.2298953198380277,0.6817144369345581,1.0282299061988665,24.050706063905984
0.3810722739829631,1.4402955796204993,0.5824250287647422,-0.2050728237021448,-0.9890707100936834,-0.9890707100923614,-0.9890707100923614,0.9465783712802268,0.9519337261271934,-0.2218686469183364,30.71424543195725,0.8134681474414818,1.2866548393915942
1.535035599598635,-0.6187270132522407,-0.7771865761730639,0.128143837102497,-0.9890707100936834,-0.9890707100923614,-0.9890707100923614,-0.0994581900963128,-0.0887275500052758,-0.4852482875620193,-0.1726564930128708,0.593861723896413,24.211763895991936
-1.1990465416171716,-0.6187270132522407,-0.7771865761730639,-1.5254918690694568,-0.9890707100936834,-0.9890707100923614,-0.9890707100923614,-0.29560189778371,-0.2714691829471193,-0.3974479405061112,2.485478441968532,-0.1758995591135338,24.55767483201088
0.1377985421622551,-0.6187270132522407,0.5099863451875183,0.4793488740375526,-0.9890707100936834,-0.9890707100923614,-0.9890707100923614,-0.1413731663675079,-0.2001457546310817,-0.5098534534571142,1.5106758097831845,18.91751341836533,-0.2422743954991429
0.0511877817061293,-1.1067260303320412,0.4684236332652478,1.3559678866417344,-0.9890707100936834,-0.9890707100923614,-0.9890707100923614,-0.8140896661540576,-0.8264499565180574,-0.9964203054285382,28.77736779000922,1.0957716713757772,-0.2795605069450732
1.4381714049796193,1.05112167630668,0.4089461954429497,1.0020028027570995,-0.9890707100936834,-0.9890707100923614,-0.9890707100923614,0.8596350721495157,0.8591444842499708,-0.2539629647158131,-0.1946527665483584,-0.1942667099088017,30.138474594141663
-0.5036815475187056,1.05112167630668,0.4089461954429497,-0.8754801211629394,-0.9890707100936834,-0.9890707100923614,-0.9890707100923614,0.842274767088159,0.8251089517204133,-0.2231799239833738,0.3345114984671631,19.29028342731856,-0.2842038258508213
-0.5036815475187056,1.57944982229982,0.9676305426375166,-0.8754801211629394,-0.9890707100936834,-0.9890707100923614,-0.9890707100923614,0.9560530472782246,0.9750095561309128,-0.2087494098185407,0.7035633156241438,14.642974448901418,26.94727037498836
-0.924552592138558,1.52713078026015,0.5770001533357989,0.7765118042443673,-0.9890707100936834,-0.9890707100923614,-0.9890707100923614,0.9655660467691176,0.9553948642180136,-0.2671180056370559,0.7169520656409701,15.28507426626553,15.313706932547694
-1.0862089689693435,1.2381405802950634,0.5770001533357989,-0.6410017457174326,-0.9890707100936834,-0.9890707100923614,-0.9890707100923614,0.8533715122548401,0.8745471655104048,-0.2385713743486117,1.1638849689951665,31.069004446617488,0.752273235732671
-1.0403130929765514,0.331716364225155,-0.3221092131395842,-0.1463370971646062,1.0110500592068707,1.0110500592081924,1.0110500592081924,0.4996586557625818,0.5204070137943562,0.7905467640732097,-0.1946527665483584,26.57998696649024,-0.2438426622712775
-0.1420037150410045,-1.4894125063655268,-0.8786337726548343,-1.7149292944360668,1.0110500592068707,1.0110500592081924,1.0110500592081924,-2.163610351876797,-2.1223288194487617,0.4723531021070936,0.8361023310203326,3.3986638019547297,-0.2569319809563352
-0.1420037150410045,-1.4894125063655268,-0.8786337726548343,1.1858407475197688,1.0110500592068707,1.0110500592081924,1.0110500592081924,-2.152024437542498,-2.1123810281717263,-1.9495076451109348,2.18252233487638,16.68777017656549,-0.2330916812832542
-0.522873794804934,1.14060218366945,1.211150817063782,1.62071373519364,-0.9890707100936834,-0.9890707100923614,-0.9890707100923614,0.8395369217322318,0.8543506247009464,-0.2986848632440036,7.628940470198382,29.62855073617813,21.05023423979401
-0.0967685399953502,1.304487210942345,-0.1226424686762862,0.4242460449119447,-0.9890707100936834,-0.9890707100923614,-0.9890707100923614,0.9013357082683504,0.9088667484299504,-0.2609916410666512,-0.1785289260553848,30.297572215039075,-0.2842038258508213
1.1005298618620096,-0.0583371261123573,-1.2749431168805487,-1.1979090083027135,-0.9890707100936834,-0.9890707100923614,-0.9890707100923614,0.3436733953360877,0.3553874207159272,-0.2679677563930501,20.546068616742453,1.2777633716910466,-0.2842038258508213
1.174442847348664,-0.0122205645575546,-0.3071079654841022,-0.2971833020588033,-0.9890707100936834,-0.9890707100923614,-0.9890707100923614,0.3588611827880765,0.3699108241709939,-0.3091584021211895,0.6932275387494413,-0.2031491608203156,27.684477492036905
1.2924953856996193,-1.58272087027763,-1.2654615331298456,-0.6172681841987825,1.0110500592068707,1.0110500592081924,1.0110500592081924,-2.250490309025128,-2.222277030812481,-0.6715250660178362,-0.1946527665483584,1.4275865338571296,17.060318305473878
0.5899004447744034,-0.944063772329128,0.4505801744190958,0.1679398405891851,1.0110500592068707,1.0110500592081924,1.0110500592081924,-0.5792607160815346,-0.6001113630878123,0.617657370173576,12.738045651422803,-0.238826832979733,-0.2842038258508213
0.4265980766208005,0.2767324022622466,-1.099526049806843,-1.512499915147929,1.0110500592068707,1.0110500592081924,1.0110500592081924,0.5137088071422177,0.5343734849088041,1.4856218917875237,-0.1530643643407775,1.6210982790791535,30.19696873158498
-0.894112586644177,0.5103119428753696,-1.4180020750270244,-1.512499915147929,1.0110500592068707,1.0110500592081924,1.0110500592081924,0.5910342879054747,0.6130560996614284,1.289544652343336,-0.1946527665483584,14.931099496241158,21.139636359076142
